{
  "checkpoint": "runs/rfdetr_medium_main/checkpoint_best_total.pth",
  "test_images": 1432,
  "test_boxes": 1511,
  "predictions_retained": 429459,
  "mAP_50_95": 0.8664405935630083,
  "mAP_50": 0.9964729752280332,
  "mAP_75": 0.9844268949319922,
  "AP_small": -1.0,
  "AP_medium": 0.8494610586147073,
  "AP_large": 0.8736416606583782,
  "AR_100": 0.9027134348113831,
  "best_confidence_threshold": 0.8793968558311462,
  "precision_at_best_f1": 0.9973333333333333,
  "recall_at_best_f1": 0.9900727994705493,
  "best_f1_iou50": 0.99368980405181,
  "iou_threshold": 0.5
}
